{"cameraMode":{"drawMode":0,"name":"Shaded","section":"Shading Mode"},"sceneLighting":true,"audioPlay":false,"sceneViewState":{"m_AlwaysRefresh":false,"showFog":true,"showSkybox":true,"showFlares":true,"showImageEffects":true,"showParticleSystems":true,"showVisualEffectGraphs":true,"m_FxEnabled":true},"in2DMode":false,"pivot":{"x":60.70964813232422,"y":218.33531188964845,"z":-187.81256103515626},"rotation":{"x":-0.09243149310350418,"y":0.20022183656692506,"z":0.018977541476488115,"w":0.975196897983551},"size":21.31231117248535,"orthographic":false}